<?xml version="1.0" encoding="UTF-8"?>
<project-private xmlns="http://www.netbeans.org/ns/project-private/1">
    <editor-bookmarks xmlns="http://www.netbeans.org/ns/editor-bookmarks/2" lastBookmarkId="0"/>
    <open-files xmlns="http://www.netbeans.org/ns/projectui-open-files/2">
        <group>
            <file>file:/C:/Users/Mamta%20Sharma/Documents/NetBeansProjects/DB_Assignment2/src/db_assignment2/Test.java</file>
            <file>file:/C:/Users/Mamta%20Sharma/Documents/NetBeansProjects/DB_Assignment2/src/db_assignment2/DB_Assignment2.java</file>
            <file>file:/C:/Users/Mamta%20Sharma/Documents/NetBeansProjects/DB_Assignment2/src/db_assignment2/bitVector.java</file>
            <file>file:/C:/Users/Mamta%20Sharma/Documents/NetBeansProjects/DB_Assignment2/src/db_assignment2/bitSlice.java</file>
            <file>file:/C:/Users/Mamta%20Sharma/Documents/NetBeansProjects/DB_Assignment2/src/db_assignment2/ExperimentsClass.java</file>
        </group>
    </open-files>
</project-private>
